{"cameraMode":{"drawMode":0,"name":"Shaded","section":"Shading Mode"},"sceneLighting":false,"audioPlay":false,"sceneViewState":{"m_AlwaysRefresh":false,"showFog":true,"showSkybox":false,"showFlares":true,"showImageEffects":true,"showParticleSystems":true,"showVisualEffectGraphs":true,"m_FxEnabled":true},"in2DMode":false,"pivot":{"x":-0.6990845799446106,"y":0.3231922388076782,"z":-0.40871143341064455},"rotation":{"x":0.17881880700588227,"y":0.6770762205123901,"z":-0.15928851068019868,"w":0.6975016593933106},"size":0.6513975262641907,"orthographic":false}